757,NOT
651,NOT
1189,NOT
1996,NOT
1375,NOT
1591,NOT
678,NOT
1164,NOT
2382,NOT
850,NOT
2542,OFF
1659,NOT
3299,NOT
274,NOT
1816,NOT
883,NOT
1809,NOT
715,NOT
774,NOT
159,NOT
2040,NOT
966,NOT
647,NOT
753,NOT
219,NOT
852,NOT
1593,NOT
3562,NOT
1425,NOT
2634,NOT
137,NOT
641,NOT
3012,NOT
1818,OFF
1314,NOT
1928,NOT
1285,NOT
2172,NOT
3524,NOT
1431,NOT
633,NOT
709,NOT
734,NOT
1946,NOT
22,NOT
1379,NOT
3316,NOT
2389,NOT
1596,NOT
987,NOT
2048,NOT
552,NOT
325,NOT
632,NOT
1371,NOT
1846,NOT
1330,NOT
2643,NOT
705,NOT
2532,NOT
2502,NOT
3143,NOT
621,NOT
400,NOT
2836,NOT
2725,NOT
3560,NOT
658,NOT
1738,NOT
218,NOT
716,NOT
1889,NOT
3571,NOT
1459,NOT
2932,NOT
2373,NOT
305,NOT
859,NOT
99,NOT
1038,NOT
3396,NOT
3240,NOT
1695,NOT
2111,NOT
1907,NOT
1205,NOT
3398,NOT
1292,NOT
2085,NOT
975,NOT
1315,NOT
1139,NOT
2858,NOT
1148,NOT
1973,NOT
727,NOT
3323,NOT
2192,NOT
3482,NOT
2577,NOT
2256,NOT
1505,NOT
459,NOT
2414,NOT
646,NOT
927,NOT
1520,NOT
94,NOT
1944,NOT
8,NOT
544,NOT
60,NOT
1338,NOT
2049,NOT
1458,NOT
1382,NOT
777,NOT
3375,NOT
1534,NOT
620,NOT
924,OFF
2589,NOT
1919,NOT
1791,NOT
513,OFF
2443,NOT
73,NOT
173,NOT
720,NOT
2959,NOT
890,OFF
2746,NOT
1769,NOT
926,NOT
2068,NOT
1384,NOT
2626,NOT
3117,NOT
3222,NOT
28,NOT
2683,NOT
138,NOT
3492,NOT
2799,NOT
142,NOT
1303,NOT
9,NOT
3437,NOT
3534,NOT
3165,NOT
546,NOT
133,NOT
769,NOT
570,NOT
2363,NOT
2895,NOT
391,NOT
3431,NOT
2196,NOT
3425,NOT
1507,NOT
380,NOT
2194,NOT
404,NOT
995,NOT
1275,NOT
526,NOT
1269,NOT
1311,NOT
1188,NOT
1064,NOT
3108,NOT
33,NOT
2506,NOT
2181,NOT
375,NOT
2560,NOT
3545,OFF
261,NOT
2155,NOT
379,NOT
442,NOT
1599,NOT
2380,NOT
579,NOT
184,NOT
3406,NOT
964,NOT
3177,NOT
701,NOT
2934,NOT
430,NOT
2627,NOT
2046,NOT
2041,OFF
1220,NOT
2674,NOT
3424,NOT
2036,NOT
1321,NOT
1455,NOT
1923,NOT
1131,NOT
1614,NOT
492,NOT
1414,NOT
1469,NOT
1754,NOT
2063,NOT
534,NOT
1167,OFF
1089,NOT
3114,NOT
3522,NOT
940,NOT
3245,NOT
2540,NOT
885,NOT
1427,NOT
2238,NOT
1545,NOT
3211,NOT
1698,NOT
371,NOT
2167,NOT
974,NOT
972,NOT
519,NOT
2321,NOT
1546,OFF
102,NOT
1143,NOT
2299,NOT
485,NOT
1251,NOT
224,NOT
2412,NOT
1766,NOT
1044,NOT
1942,NOT
798,NOT
262,NOT
209,NOT
1291,NOT
3163,NOT
848,NOT
2677,NOT
3499,NOT
1893,NOT
4,NOT
2320,OFF
413,NOT
2665,NOT
1497,NOT
3122,NOT
2245,NOT
1096,NOT
2493,NOT
1095,NOT
3221,NOT
2964,NOT
962,NOT
104,NOT
3304,NOT
2639,NOT
1487,NOT
2131,NOT
2153,NOT
1344,NOT
1105,NOT
3326,OFF
2080,NOT
736,NOT
763,NOT
79,NOT
699,NOT
2928,NOT
85,NOT
1082,NOT
2137,NOT
880,NOT
2832,NOT
2075,NOT
712,NOT
1103,NOT
976,NOT
775,NOT
3150,NOT
581,NOT
341,NOT
26,NOT
2076,NOT
3567,NOT
1940,NOT
2204,NOT
1106,NOT
1200,NOT
30,NOT
799,OFF
108,NOT
3400,NOT
2191,NOT
2066,NOT
547,NOT
3166,NOT
2291,NOT
3397,OFF
1568,NOT
3084,NOT
3069,NOT
2925,NOT
246,NOT
2864,NOT
860,NOT
1439,NOT
2907,NOT
990,NOT
23,NOT
1917,NOT
2050,NOT
3062,NOT
3512,NOT
1813,NOT
1123,NOT
1886,NOT
2449,NOT
3494,NOT
1558,NOT
386,NOT
